{"input_1": 1, "1Dense_128": 62.8857437133789, "2Dense_64": 39.4983248672485, "3Dense_10": 0.999877916097641}