{"input_1": 1, "0Conv2D_24x24x6": 2.2099590015411383, "2Conv2D_8x8x16": 4.800953836441054, "5Dense_120": 8.572170616149947, "6Dense_84": 11.671773359298717, "7Dense_10": 0.9999997615814209}